{
  "timestamp": "20260122_194859",
  "parameters": {
    "mu": 0.3,
    "R": 2.3,
    "delta_t_qi": 1.0,
    "n_samples_qi": 100,
    "grid_3d": 16,
    "t_final_3d": 0.5
  },
  "curved_qi_analysis": {
    "flat_space": {
      "integral": -0.28992448497430096,
      "bound": -0.006332573977646111,
      "violates": true,
      "margin": -0.2835919109966548
    },
    "curved_space": {
      "integral": -0.28859372431716096,
      "bound": -0.18903591682419663,
      "violates": true,
      "margin": -0.09955780749296433
    },
    "metric_enhancement_factor": 0.9954099749206834
  },
  "3d_evolution_analysis": {
    "grid_size": 16,
    "domain_width": 5.0,
    "time_final": 0.5,
    "steps": 500,
    "polymer_enabled": true,
    "norm_history": [
      1.7162206363724308,
      1.7162238007616293,
      1.7162269653138706,
      1.7162301300291527,
      1.7162332949074721,
      1.7162364599488273,
      1.716239625153215,
      1.7162427905206332,
      1.7162459560510788,
      1.7162491217445495,
      1.7162522876010426,
      1.7162554536205559,
      1.7162586198030865,
      1.716261786148632,
      1.7162649526571898,
      1.7162681193287572,
      1.7162712861633322,
      1.7162744531609115,
      1.7162776203214931,
      1.7162807876450743,
      1.7162839551316524,
      1.7162871227812249,
      1.7162902905937893,
      1.7162934585693432,
      1.7162966267078839,
      1.7162997950094085,
      1.7163029634739153,
      1.716306132101401,
      1.7163093008918633,
      1.7163124698452998,
      1.7163156389617076,
      1.7163188082410845,
      1.7163219776834278,
      1.716325147288735,
      1.7163283170570036,
      1.7163314869882311,
      1.7163346570824145,
      1.716337827339552,
      1.7163409977596404,
      1.7163441683426774,
      1.7163473390886606,
      1.716350509997587,
      1.7163536810694546,
      1.7163568523042607,
      1.7163600237020027,
      1.716363195262678,
      1.7163663669862843,
      1.7163695388728188,
      1.7163727109222788,
      1.7163758831346623,
      1.7163790555099663,
      1.7163822280481886,
      1.7163854007493264,
      1.7163885736133773,
      1.7163917466403384,
      1.7163949198302078,
      1.7163980931829825,
      1.7164012666986603,
      1.7164044403772383,
      1.716407614218714,
      1.7164107882230852,
      1.7164139623903492,
      1.7164171367205032,
      1.716420311213545,
      1.716423485869472,
      1.7164266606882816,
      1.7164298356699714,
      1.7164330108145387,
      1.716436186121981,
      1.716439361592296,
      1.7164425372254806,
      1.7164457130215327,
      1.71644888898045,
      1.7164520651022295,
      1.7164552413868688,
      1.7164584178343654,
      1.716461594444717,
      1.7164647712179206,
      1.7164679481539742,
      1.7164711252528748,
      1.7164743025146203,
      1.7164774799392077,
      1.716480657526635,
      1.7164838352768992,
      1.716487013189998,
      1.716490191265929,
      1.7164933695046893,
      1.7164965479062768,
      1.7164997264706887,
      1.7165029051979226,
      1.716506084087976,
      1.716509263140846,
      1.7165124423565308,
      1.7165156217350273,
      1.716518801276333,
      1.7165219809804457,
      1.7165251608473626,
      1.7165283408770815,
      1.7165315210695995,
      1.7165347014249144,
      1.7165378819430233,
      1.7165410626239241,
      1.716544243467614,
      1.7165474244740906,
      1.7165506056433513,
      1.7165537869753937,
      1.716556968470215,
      1.7165601501278132,
      1.7165633319481852,
      1.716566513931329,
      1.7165696960772419,
      1.7165728783859215,
      1.716576060857365,
      1.7165792434915699,
      1.7165824262885339,
      1.716585609248254,
      1.7165887923707286,
      1.7165919756559544,
      1.7165951591039292,
      1.7165983427146507,
      1.7166015264881158,
      1.7166047104243225,
      1.7166078945232681,
      1.71661107878495,
      1.716614263209366,
      1.716617447796513,
      1.7166206325463893,
      1.7166238174589918,
      1.7166270025343182,
      1.7166301877723658,
      1.7166333731731325,
      1.7166365587366152,
      1.7166397444628119,
      1.7166429303517199,
      1.7166461164033369,
      1.7166493026176601,
      1.716652488994687,
      1.7166556755344153,
      1.7166588622368424,
      1.716662049101966,
      1.716665236129783,
      1.7166684233202916,
      1.716671610673489,
      1.7166747981893726,
      1.71667798586794,
      1.7166811737091887,
      1.7166843617131162,
      1.7166875498797198,
      1.7166907382089973,
      1.7166939267009462,
      1.716697115355564,
      1.716700304172848,
      1.7167034931527956,
      1.7167066822954047,
      1.7167098716006723,
      1.7167130610685966,
      1.7167162506991744,
      1.7167194404924038,
      1.7167226304482819,
      1.7167258205668061,
      1.7167290108479742,
      1.7167322012917838,
      1.7167353918982322,
      1.7167385826673167,
      1.7167417735990353,
      1.7167449646933852,
      1.716748155950364,
      1.7167513473699691,
      1.716754538952198,
      1.7167577306970483,
      1.7167609226045177,
      1.7167641146746035,
      1.716767306907303,
      1.7167704993026138,
      1.716773691860534,
      1.7167768845810603,
      1.7167800774641906,
      1.7167832705099224,
      1.7167864637182533,
      1.7167896570891807,
      1.716792850622702,
      1.7167960443188146,
      1.7167992381775166,
      1.716802432198805,
      1.7168056263826772,
      1.7168088207291314,
      1.7168120152381643,
      1.7168152099097742,
      1.716818404743958,
      1.7168215997407135,
      1.7168247949000381,
      1.7168279902219294,
      1.716831185706385,
      1.7168343813534022,
      1.7168375771629787,
      1.7168407731351119,
      1.7168439692697992,
      1.7168471655670383,
      1.716850362026827,
      1.7168535586491624,
      1.7168567554340421,
      1.7168599523814636,
      1.7168631494914248,
      1.7168663467639225,
      1.7168695441989548,
      1.716872741796519,
      1.7168759395566127,
      1.7168791374792336,
      1.716882335564379,
      1.7168855338120463,
      1.716888732222233,
      1.716891930794937,
      1.7168951295301558,
      1.7168983284278867,
      1.716901527488127,
      1.7169047267108748,
      1.716907926096127,
      1.7169111256438818,
      1.7169143253541364,
      1.716917525226888,
      1.7169207252621348,
      1.7169239254598736,
      1.7169271258201027,
      1.716930326342819,
      1.7169335270280204,
      1.7169367278757042,
      1.716939928885868,
      1.7169431300585094,
      1.716946331393626,
      1.716949532891215,
      1.7169527345512743,
      1.7169559363738012,
      1.7169591383587934,
      1.7169623405062484,
      1.7169655428161634,
      1.7169687452885367,
      1.7169719479233652,
      1.7169751507206463,
      1.716978353680378,
      1.716981556802558,
      1.716984760087183,
      1.7169879635342513,
      1.71699116714376,
      1.7169943709157072,
      1.7169975748500896,
      1.7170007789469057,
      1.717003983206152,
      1.7170071876278268,
      1.7170103922119275,
      1.7170135969584517,
      1.7170168018673964,
      1.7170200069387598,
      1.717023212172539,
      1.717026417568732,
      1.7170296231273359,
      1.717032828848348,
      1.7170360347317668,
      1.717039240777589,
      1.7170424469858125,
      1.7170456533564349,
      1.7170488598894535,
      1.7170520665848663,
      1.7170552734426703,
      1.717058480462863,
      1.7170616876454423,
      1.717064894990406,
      1.717068102497751,
      1.717071310167475,
      1.7170745179995759,
      1.717077725994051,
      1.717080934150898,
      1.7170841424701142,
      1.7170873509516975,
      1.7170905595956452,
      1.7170937684019545,
      1.7170969773706235,
      1.7171001865016498,
      1.7171033957950306,
      1.7171066052507638,
      1.7171098148688464,
      1.7171130246492765,
