{
  "parameters": {
    "grid_size": 16,
    "domain_size": 5.0,
    "t_final": 0.2,
    "dt": 0.001,
    "mu": 0.1,
    "mu_bar": 0.1,
    "R_bubble": 2.3,
    "polymer_enabled": true,
    "synergy_factor": 0.0,
    "synergy_enabled": false
  },
  "evolution": {
    "steps_completed": 200,
    "time_history": [
      0.0,
      0.001,
      0.002,
      0.003,
      0.004,
      0.005,
      0.006,
      0.007,
      0.008,
      0.009000000000000001,
      0.01,
      0.011,
      0.012,
      0.013000000000000001,
      0.014,
      0.015,
      0.016,
      0.017,
      0.018000000000000002,
      0.019,
      0.02,
      0.021,
      0.022,
      0.023,
      0.024,
      0.025,
      0.026000000000000002,
      0.027,
      0.028,
      0.029,
      0.03,
      0.031,
      0.032,
      0.033,
      0.034,
      0.035,
      0.036000000000000004,
      0.037,
      0.038,
      0.039,
      0.04,
      0.041,
      0.042,
      0.043000000000000003,
      0.044,
      0.045,
      0.046,
      0.047,
      0.048,
      0.049,
      0.05,
      0.051000000000000004,
      0.052000000000000005,
      0.053,
      0.054,
      0.055,
      0.056,
      0.057,
      0.058,
      0.059000000000000004,
      0.06,
      0.061,
      0.062,
      0.063,
      0.064,
      0.065,
      0.066,
      0.067,
      0.068,
      0.069,
      0.07,
      0.07100000000000001,
      0.07200000000000001,
      0.073,
      0.074,
      0.075,
      0.076,
      0.077,
      0.078,
      0.079,
      0.08,
      0.081,
      0.082,
      0.083,
      0.084,
      0.085,
      0.08600000000000001,
      0.08700000000000001,
      0.088,
      0.089,
      0.09,
      0.091,
      0.092,
      0.093,
      0.094,
      0.095,
      0.096,
      0.097,
      0.098,
      0.099,
      0.1,
      0.101,
      0.10200000000000001,
      0.10300000000000001,
      0.10400000000000001,
      0.105,
      0.106,
      0.107,
      0.108,
      0.109,
      0.11,
      0.111,
      0.112,
      0.113,
      0.114,
      0.115,
      0.116,
      0.117,
      0.11800000000000001,
      0.11900000000000001,
      0.12,
      0.121,
      0.122,
      0.123,
      0.124,
      0.125,
      0.126,
      0.127,
      0.128,
      0.129,
      0.13,
      0.131,
      0.132,
      0.133,
      0.134,
      0.135,
      0.136,
      0.137,
      0.138,
      0.139,
      0.14,
      0.14100000000000001,
      0.14200000000000002,
      0.14300000000000002,
      0.14400000000000002,
      0.145,
      0.146,
      0.147,
      0.148,
      0.149,
      0.15,
      0.151,
      0.152,
      0.153,
      0.154,
      0.155,
      0.156,
      0.157,
      0.158,
      0.159,
      0.16,
      0.161,
      0.162,
      0.163,
      0.164,
      0.165,
      0.166,
      0.167,
      0.168,
      0.169,
      0.17,
      0.171,
      0.17200000000000001,
      0.17300000000000001,
      0.17400000000000002,
      0.17500000000000002,
      0.176,
      0.177,
      0.178,
      0.179,
      0.18,
      0.181,
      0.182,
      0.183,
      0.184,
      0.185,
      0.186,
      0.187,
      0.188,
      0.189,
      0.19,
      0.191,
      0.192,
      0.193,
      0.194,
      0.195,
      0.196,
      0.197,
      0.198,
      0.199
    ],
    "norm_history": [
      1.7320508075688772,
      1.732051085036974,
      1.7320513596909888,
      1.7320516315312762,
      1.7320519005581911,
      1.73205216677209,
      1.7320524301733289,
      1.7320526907622649,
      1.732052948539256,
      1.7320532035046603,
      1.732053455658837,
      1.732053705002146,
      1.7320539515349473,
      1.7320541952576018,
      1.7320544361704717,
      1.732054674273919,
      1.732054909568306,
      1.7320551420539974,
      1.7320553717313563,
      1.7320555986007482,
      1.7320558226625382,
      1.732056043917093,
      1.7320562623647784,
      1.7320564780059624,
      1.7320566908410133,
      1.7320569008702995,
      1.73205710809419,
      1.7320573125130552,
      1.7320575141272654,
      1.732057712937192,
      1.7320579089432069,
      1.7320581021456822,
      1.7320582925449914,
      1.7320584801415084,
      1.7320586649356076,
      1.7320588469276637,
      1.7320590261180524,
      1.7320592025071504,
      1.7320593760953342,
      1.732059546882982,
      1.7320597148704715,
      1.7320598800581817,
      1.732060042446492,
      1.7320602020357827,
      1.7320603588264347,
      1.732060512818829,
      1.7320606640133478,
      1.7320608124103738,
      1.7320609580102901,
      1.732061100813481,
      1.7320612408203309,
      1.7320613780312246,
      1.7320615124465482,
      1.7320616440666883,
      1.7320617728920316,
      1.732061898922966,
      1.73206202215988,
      1.7320621426031622,
      1.7320622602532023,
      1.7320623751103907,
      1.7320624871751182,
      1.732062596447776,
      1.7320627029287565,
      1.7320628066184522,
      1.7320629075172567,
      1.7320630056255635,
      1.7320631009437677,
      1.7320631934722641,
      1.7320632832114489,
      1.7320633701617185,
      1.7320634543234696,
      1.7320635356971006,
      1.7320636142830093,
      1.7320636900815949,
      1.7320637630932567,
      1.7320638333183953,
      1.7320639007574115,
      1.7320639654107066,
      1.7320640272786827,
      1.7320640863617423,
      1.732064142660289,
      1.7320641961747267,
      1.73206424690546,
      1.732064294852894,
      1.7320643400174343,
      1.7320643823994875,
      1.7320644219994608,
      1.7320644588177614,
      1.7320644928547981,
      1.7320645241109796,
      1.732064552586715,
      1.7320645782824151,
      1.7320646011984904,
      1.732064621335352,
      1.7320646386934122,
      1.7320646532730832,
      1.7320646650747789,
      1.7320646740989123,
      1.7320646803458983,
      1.732064683816152,
      1.7320646845100887,
      1.7320646824281252,
      1.7320646775706778,
      1.7320646699381643,
      1.732064659531003,
      1.7320646463496125,
      1.732064630394412,
      1.7320646116658216,
      1.7320645901642615,
      1.7320645658901537,
      1.7320645388439193,
      1.7320645090259807,
      1.7320644764367612,
      1.7320644410766843,
      1.7320644029461743,
      1.732064362045656,
      1.7320643183755549,
      1.7320642719362966,
      1.7320642227283085,
      1.7320641707520175,
      1.7320641160078514,
      1.7320640584962388,
      1.7320639982176087,
      1.732063935172391,
      1.7320638693610158,
      1.7320638007839144,
      1.7320637294415178,
      1.7320636553342583,
      1.7320635784625686,
      1.7320634988268824,
      1.732063416427633,
      1.7320633312652556,
      1.7320632433401848,
      1.732063152652857,
      1.7320630592037076,
      1.7320629629931745,
      1.7320628640216948,
      1.7320627622897067,
      1.732062657797649,
      1.7320625505459608,
      1.7320624405350826,
      1.7320623277654545,
      1.732062212237518,
      1.7320620939517146,
      1.732061972908487,
      1.7320618491082778,
      1.7320617225515305,
      1.7320615932386898,
      1.7320614611702,
      1.7320613263465066,
      1.7320611887680555,
      1.7320610484352936,
      1.7320609053486675,
      1.7320607595086255,
      1.7320606109156156,
      1.7320604595700866,
      1.7320603054724883,
      1.7320601486232707,
      1.7320599890228852,
      1.732059826671782,
      1.7320596615704138,
      1.7320594937192328,
      1.7320593231186923,
      1.7320591497692457,
      1.7320589736713476,
      1.7320587948254529,
      1.7320586132320168,
      1.7320584288914957,
      1.7320582418043462,
      1.7320580519710251,
      1.732057859391991,
      1.7320576640677017,
      1.7320574659986165,
      1.7320572651851953,
      1.732057061627898,
      1.7320568553271853,
      1.7320566462835187,
      1.7320564344973604,
      1.7320562199691727,
      1.7320560026994187,
      1.7320557826885625,
      1.7320555599370684,
