{
  "parameters": {
    "grid_size": 16,
    "domain_size": 5.0,
    "t_final": 0.2,
    "dt": 0.001,
    "mu": 0.1,
    "mu_bar": 0.1,
    "R_bubble": 2.3,
    "polymer_enabled": true,
    "synergy_factor": 0.2,
    "synergy_enabled": true
  },
  "evolution": {
    "steps_completed": 200,
    "time_history": [
      0.0,
      0.001,
      0.002,
      0.003,
      0.004,
      0.005,
      0.006,
      0.007,
      0.008,
      0.009000000000000001,
      0.01,
      0.011,
      0.012,
      0.013000000000000001,
      0.014,
      0.015,
      0.016,
      0.017,
      0.018000000000000002,
      0.019,
      0.02,
      0.021,
      0.022,
      0.023,
      0.024,
      0.025,
      0.026000000000000002,
      0.027,
      0.028,
      0.029,
      0.03,
      0.031,
      0.032,
      0.033,
      0.034,
      0.035,
      0.036000000000000004,
      0.037,
      0.038,
      0.039,
      0.04,
      0.041,
      0.042,
      0.043000000000000003,
      0.044,
      0.045,
      0.046,
      0.047,
      0.048,
      0.049,
      0.05,
      0.051000000000000004,
      0.052000000000000005,
      0.053,
      0.054,
      0.055,
      0.056,
      0.057,
      0.058,
      0.059000000000000004,
      0.06,
      0.061,
      0.062,
      0.063,
      0.064,
      0.065,
      0.066,
      0.067,
      0.068,
      0.069,
      0.07,
      0.07100000000000001,
      0.07200000000000001,
      0.073,
      0.074,
      0.075,
      0.076,
      0.077,
      0.078,
      0.079,
      0.08,
      0.081,
      0.082,
      0.083,
      0.084,
      0.085,
      0.08600000000000001,
      0.08700000000000001,
      0.088,
      0.089,
      0.09,
      0.091,
      0.092,
      0.093,
      0.094,
      0.095,
      0.096,
      0.097,
      0.098,
      0.099,
      0.1,
      0.101,
      0.10200000000000001,
      0.10300000000000001,
      0.10400000000000001,
      0.105,
      0.106,
      0.107,
      0.108,
      0.109,
      0.11,
      0.111,
      0.112,
      0.113,
      0.114,
      0.115,
      0.116,
      0.117,
      0.11800000000000001,
      0.11900000000000001,
      0.12,
      0.121,
      0.122,
      0.123,
      0.124,
      0.125,
      0.126,
      0.127,
      0.128,
      0.129,
      0.13,
      0.131,
      0.132,
      0.133,
      0.134,
      0.135,
      0.136,
      0.137,
      0.138,
      0.139,
      0.14,
      0.14100000000000001,
      0.14200000000000002,
      0.14300000000000002,
      0.14400000000000002,
      0.145,
      0.146,
      0.147,
      0.148,
      0.149,
      0.15,
      0.151,
      0.152,
      0.153,
      0.154,
      0.155,
      0.156,
      0.157,
      0.158,
      0.159,
      0.16,
      0.161,
      0.162,
      0.163,
      0.164,
      0.165,
      0.166,
      0.167,
      0.168,
      0.169,
      0.17,
      0.171,
      0.17200000000000001,
      0.17300000000000001,
      0.17400000000000002,
      0.17500000000000002,
      0.176,
      0.177,
      0.178,
      0.179,
      0.18,
      0.181,
      0.182,
      0.183,
      0.184,
      0.185,
      0.186,
      0.187,
      0.188,
      0.189,
      0.19,
      0.191,
      0.192,
      0.193,
      0.194,
      0.195,
      0.196,
      0.197,
      0.198,
      0.199
    ],
    "norm_history": [
      1.7320508075688772,
      1.732051085036974,
      1.7320513591360458,
      1.7320516298665176,
      1.7320518972288144,
      1.732052161223363,
      1.7320524218505908,
      1.7320526791109259,
      1.7320529330047976,
      1.732053183532636,
      1.7320534306948725,
      1.7320536744919386,
      1.7320539149242677,
      1.7320541519922936,
      1.7320543856964512,
      1.7320546160371764,
      1.7320548430149054,
      1.7320550666300765,
      1.7320552868831278,
      1.732055503774499,
      1.7320557173046303,
      1.7320559274739635,
      1.7320561342829404,
      1.7320563377320046,
      1.7320565378216002,
      1.7320567345521722,
      1.7320569279241664,
      1.7320571179380302,
      1.732057304594211,
      1.7320574878931576,
      1.7320576678353201,
      1.7320578444211487,
      1.7320580176510953,
      1.7320581875256122,
      1.7320583540451528,
      1.7320585172101717,
      1.7320586770211237,
      1.7320588334784652,
      1.7320589865826534,
      1.7320591363341462,
      1.7320592827334025,
      1.7320594257808821,
      1.7320595654770459,
      1.7320597018223554,
      1.7320598348172738,
      1.7320599644622638,
      1.7320600907577903,
      1.7320602137043186,
      1.732060333302315,
      1.7320604495522467,
      1.7320605624545817,
      1.7320606720097893,
      1.7320607782183393,
      1.732060881080702,
      1.7320609805973501,
      1.732061076768756,
      1.732061169595393,
      1.7320612590777356,
      1.7320613452162594,
      1.732061428011441,
      1.7320615074637573,
      1.7320615835736863,
      1.7320616563417073,
      1.7320617257683002,
      1.732061791853946,
      1.7320618545991266,
      1.7320619140043245,
      1.732061970070023,
      1.7320620227967072,
      1.732062072184862,
      1.7320621182349742,
      1.7320621609475308,
      1.73206220032302,
      1.7320622363619305,
      1.7320622690647525,
      1.732062298431977,
      1.7320623244640954,
      1.7320623471616006,
      1.7320623665249864,
      1.7320623825547468,
      1.732062395251377,
      1.7320624046153739,
      1.7320624106472342,
      1.7320624133474563,
      1.7320624127165387,
      1.7320624087549814,
      1.7320624014632855,
      1.7320623908419523,
      1.7320623768914845,
      1.7320623596123854,
      1.7320623390051595,
      1.732062315070312,
      1.7320622878083491,
      1.7320622572197777,
      1.7320622233051055,
      1.732062186064842,
      1.7320621454994962,
      1.732062101609579,
      1.732062054395602,
      1.7320620038580774,
      1.7320619499975185,
      1.7320618928144398,
      1.732061832309356,
      1.732061768482783,
      1.7320617013352377,
      1.7320616308672383,
      1.732061557079303,
      1.7320614799719511,
      1.7320613995457035,
      1.732061315801081,
      1.7320612287386061,
      1.7320611383588018,
      1.732061044662192,
      1.7320609476493014,
      1.732060847320656,
      1.7320607436767825,
      1.7320606367182076,
      1.7320605264454605,
      1.7320604128590702,
      1.732060295959567,
      1.7320601757474814,
      1.7320600522233456,
      1.7320599253876923,
      1.7320597952410557,
      1.7320596617839694,
      1.7320595250169697,
      1.732059384940592,
      1.7320592415553746,
      1.7320590948618546,
      1.7320589448605714,
      1.7320587915520647,
      1.732058634936875,
      1.7320584750155443,
      1.7320583117886146,
      1.7320581452566295,
      1.732057975420133,
      1.7320578022796704,
      1.7320576258357876,
      1.7320574460890312,
      1.7320572630399491,
      1.7320570766890897,
      1.7320568870370028,
      1.732056694084238,
      1.732056497831347,
      1.732056298278882,
      1.7320560954273958,
      1.7320558892774418,
      1.7320556798295752,
      1.732055467084351,
      1.7320552510423264,
      1.7320550317040575,
      1.7320548090701036,
      1.7320545831410228,
      1.7320543539173756,
      1.7320541213997225,
      1.732053885588625,
      1.7320536464846454,
      1.7320534040883477,
      1.7320531584002956,
      1.7320529094210544,
      1.7320526571511896,
      1.7320524015912684,
      1.7320521427418585,
      1.7320518806035279,
      1.7320516151768466,
      1.7320513464623846,
      1.7320510744607127,
      1.7320507991724032,
      1.7320505205980288,
      1.7320502387381633,
      1.732049953593381,
      1.7320496651642576,
      1.7320493734513693,
      1.732049078455293,
      1.732048780176607,
      1.7320484786158896,
      1.732048173773721,
      1.7320478656506815,
      1.7320475542473526,
      1.7320472395643163,
      1.7320469216021561,
      1.7320466003614556,
